CSV File,Columns containing all necessary fragments for ID,Columns containing fragments where atleast one fragment must be observed for confirmation,Run DDA,Run AIF (Ignore this column if you don't have AIF data),By Class only - total C:DB,Polarity,Adduct,Notes
PEG_Pos.csv,3;4,,FALSE,FALSE,FALSE,Pos,[M+?]+,polyethylene glycol: Beta (multiple adducts)
CL_3Na_min2H.csv,3;4;5;6,,TRUE,TRUE,FALSE,Pos,[M+3Na-2H]+,Cardiolipin: further fragments known
LPC_neg_C2H3O2.csv,9,,TRUE,TRUE,FALSE,Neg,[M+C2H3O2]-,Lysophosphatidylcholine
PC_neg_C2H3O2.csv,3,9;10,TRUE,TRUE,FALSE,Neg,[M+C2H3O2]-,Phosphatidylcholine
PlasmanylLPC_neg_C2H3O2.csv,3,,TRUE,TRUE,FALSE,Neg,[M+C2H3O2]-,Plasmanyl lysophosphatidylcholine
PlasmanylPC_neg_C2H3O2.csv,3;9,,TRUE,TRUE,FALSE,Neg,[M+C2H3O2]-,Plasmanyl phosphatidylcholine
PlasmenylLPC_neg_C2H3O2.csv,3,,TRUE,TRUE,FALSE,Neg,[M+C2H3O2]-,Plasmenyl lysophosphatidylcholine
PlasmenylPC_neg_C2H3O2.csv,3;9,,TRUE,TRUE,FALSE,Neg,[M+C2H3O2]-,Plasmenyl phosphatidylcholine
DGDG_neg_C2H3O2.csv,9,11;12,TRUE,TRUE,FALSE,Neg,[M+C2H3O2]-,Digalactosyldiacylglycerol
ether_OxPC_neg_C2H3O2_MSDIAL.csv,3;6,,TRUE,TRUE,FALSE,Neg,[M+C2H3O2]-,ether-oxidized phosphatidylcholine
OxPC_neg_C2H3O2.csv,3;7,4;5;6,TRUE,TRUE,FALSE,Neg,[M+C2H3O2]-,oxidized phosphatidylcholine
SM_neg_C2H3O2.csv,3;4;5,,TRUE,TRUE,FALSE,Neg,[M+C2H3O2]-,Sphingomyelin
Cer_ADS_neg_C2H3O2.csv,3;14,,TRUE,TRUE,FALSE,Neg,[M+C2H3O2]-,Backbone: Dihydrosphingosine Fatty acid: a-hydroxy fatty acid
Cer_AP_neg_C2H3O2.csv,3;5,,TRUE,TRUE,FALSE,Neg,[M+C2H3O2]-,Backbone: Phytosphingosine Fatty acid: a-hydroxy fatty acid
Cer_AS_neg_C2H3O2.csv,3,7;15,TRUE,TRUE,FALSE,Neg,[M+C2H3O2]-,Backbone: Sphingosine Fatty acid: a-hydroxy fatty acid
Cer_BDS_neg_C2H3O2.csv,3;4,,TRUE,TRUE,FALSE,Neg,[M+C2H3O2]-,Ceramide beta-hydroxy fatty acid-dihydrosphingosine
Cer_BS_neg_C2H3O2.csv,3;5,,TRUE,TRUE,FALSE,Neg,[M+C2H3O2]-,Ceramide beta-hydroxy fatty acid-sphingosine
Cer_EODS_neg_C2H3O2.csv,3;6,5;7;8,TRUE,TRUE,FALSE,Neg,[M+C2H3O2]-,Backbone: Dihydrosphingosine Fatty acid: esterified w-hydroxy fatty acid
Cer_EOS_neg_C2H3O2.csv,3;6,5;7;8,TRUE,TRUE,FALSE,Neg,[M+C2H3O2]-,Backbone: Sphingosine Fatty acid: esterified w-hydroxy fatty acid
Cer_NDS_neg_C2H3O2.csv,3;8,,TRUE,TRUE,FALSE,Neg,[M+C2H3O2]-,Backbone: Dihydrosphingosine Fatty acid: non-hydroxy fatty acid
Cer_NP_neg_C2H3O2.csv,3;6;7,,TRUE,TRUE,FALSE,Neg,[M+C2H3O2]-,Backbone: Phytosphingosine Fatty acid: Fatty acid: non-hydroxy fatty acid
Cer_NS_neg_C2H3O2.csv,3;8,,TRUE,TRUE,FALSE,Neg,[M+C2H3O2]-,"Ceramide (Nonhydroxyacyl sphingosine) (duplicate, MS-DIAL version)"
GlcCer_AP_neg_C2H3O2.csv,3;5,,TRUE,TRUE,FALSE,Neg,[M+C2H3O2]-,glucosyl-ceramide Backbone: Phytosphingosine Fatty acid: a-hydroxy fatty acid
GlcCer_NDS_neg_C2H3O2.csv,3;4;6,,TRUE,TRUE,FALSE,Neg,[M+C2H3O2]-,glucosyl-ceramide Backbone: Dihydrosphingosine Fatty acid: non-hydroxy fatty acid
GlcCer_NS_neg_C2H3O2.csv,3;4,5;6;7,TRUE,TRUE,FALSE,Neg,[M+C2H3O2]-,Glucosyl-Nonhydroxyacyl sphingosine
DGDG_neg_C2H3O2_Class.csv,5,,TRUE,TRUE,TRUE,Neg,[M+C2H3O2]-,Digalactosyldiacylglycerol
AcCa_H.csv,2;6,,TRUE,TRUE,FALSE,Pos,[M+H]+,Acylcarnitine
CerP_H.csv,2;3,4;5;6;7,TRUE,FALSE,FALSE,Pos,[M+H]+,Ceramide-1-phosphate
DGTS_H.csv,3;6;7,,TRUE,FALSE,FALSE,Pos,[M+H]+,Diacylglyceryltrimethylhomo-Ser
LDGTS_H.csv,4,,TRUE,TRUE,FALSE,Pos,[M+H]+,Lysodiacylglyceryltrimethylhomo-Ser
LPC_H.csv,2;5,,TRUE,TRUE,FALSE,Pos,[M+H]+,Lysophosphatidylcholine
LPE_H.csv,3,,TRUE,TRUE,FALSE,Pos,[M+H]+,Lysophosphatidylethanolamine
MGDG_H.csv,3;5,,FALSE,FALSE,FALSE,Pos,[M+H]+,Beta: Monogalactosyldiacylglycerol; 
OxLPC_H.csv,5,,TRUE,TRUE,FALSE,Pos,[M+H]+,Oxidized lysophosphatidylcholine
OxLPE_H.csv,3,,TRUE,TRUE,FALSE,Pos,[M+H]+,Oxidized lysophosphatidylethanolamine
OxPC_H.csv,8,4;5,FALSE,FALSE,FALSE,Pos,[M+H]+,Oxidized phosphatidylcholine
OxPC_H_Class.csv,4,,FALSE,FALSE,TRUE,Pos,[M+H]+,Oxidized phosphatidylcholine
OxPE_H.csv,3,4;5,FALSE,FALSE,FALSE,Pos,[M+H]+,Oxidized phosphatidylethanolamine
OxPE_H_Class.csv,3,,FALSE,FALSE,TRUE,Pos,[M+H]+,Oxidized phosphatidylethanolamine
PA_H.csv,3,4;5,TRUE,TRUE,FALSE,Pos,[M+H]+,Phosphatidic acid
PA_H_Class.csv,3,,TRUE,FALSE,TRUE,Pos,[M+H]+,Phosphatidic acid
PC_H.csv,2;12,8;9,TRUE,TRUE,FALSE,Pos,[M+H]+,Phosphatidylcholine
PC_H_Class.csv,4,,FALSE,FALSE,TRUE,Pos,[M+H]+,Phosphatidylcholine
PC_H_LibAllTails.csv,2;10,8;9,FALSE,FALSE,FALSE,Pos,[M+H]+,Phosphatidylcholine: Every possible chain (large library)
PE_H.csv,3,4;5,TRUE,TRUE,FALSE,Pos,[M+H]+,Phosphatidylethanolamine
PE_H_Class.csv,3,,TRUE,TRUE,TRUE,Pos,[M+H]+,Phosphatidylethanolamine
PG_H.csv,4;5,,TRUE,TRUE,FALSE,Pos,[M+H]+,Phosphatidylglycerol
PlasmanylLPC_H.csv,2;6,,TRUE,TRUE,FALSE,Pos,[M+H]+,Plasmanyl lysophosphatidylcholine
PlasmanylLPE_H.csv,3,,TRUE,TRUE,FALSE,Pos,[M+H]+,Plasmanyl lysophosphatidylethanolamine
PlasmanylPC_H.csv,2;11,4;6,TRUE,TRUE,FALSE,Pos,[M+H]+,Plasmanyl phosphatidylcholine
PlasmanylPC_H_Class.csv,4,,FALSE,FALSE,TRUE,Pos,[M+H]+,Plasmanyl phosphatidylcholine
PlasmanylPE_H.csv,3;4,,TRUE,TRUE,FALSE,Pos,[M+H]+,Plasmanyl phosphatidylethanolamine
PlasmanylPE_H_Class.csv,3,,TRUE,FALSE,TRUE,Pos,[M+H]+,Plasmanyl phosphatidylethanolamine
PlasmanylPS_H.csv,3;4,,TRUE,TRUE,FALSE,Pos,[M+H]+,Plasmanyl phosphatidylserine
PlasmanylPS_H_Class.csv,3,,TRUE,FALSE,TRUE,Pos,[M+H]+,Plasmanyl phosphatidylserine
PlasmenylLPC_H.csv,3,,TRUE,TRUE,FALSE,Pos,[M+H]+,Plasmenyl lysophosphatidylcholine
PlasmenylLPE_H.csv,3,,TRUE,TRUE,FALSE,Pos,[M+H]+,Plasmenyl lysophosphatidylethanolamine
PlasmenylPC_H.csv,2;11,4;6,TRUE,TRUE,FALSE,Pos,[M+H]+,Plasmenyl phosphatidylcholine
PlasmenylPC_H_Class.csv,4,,FALSE,FALSE,TRUE,Pos,[M+H]+,Plasmenyl phosphatidylcholine
PlasmenylPE_H.csv,3;6,,TRUE,TRUE,FALSE,Pos,[M+H]+,Plasmenyl phosphatidylethanolamine
PlasmenylPE_H_Class.csv,3,,TRUE,FALSE,TRUE,Pos,[M+H]+,Plasmenyl phosphatidylethanolamine
PlasmenylPS_H.csv,3;4,,TRUE,TRUE,FALSE,Pos,[M+H]+,Plasmenyl phosphatidylserine
PlasmenylPS_H_Class.csv,3,,TRUE,FALSE,TRUE,Pos,[M+H]+,Plasmenyl phosphatidylserine
PS_H.csv,3,4;5,TRUE,TRUE,FALSE,Pos,[M+H]+,Phosphatidylserine
PS_H_Class.csv,3,,TRUE,FALSE,TRUE,Pos,[M+H]+,Phosphatidylserine
SM_H.csv,2;6;8,,TRUE,TRUE,FALSE,Pos,[M+H]+,Sphingomyelin
SM_H_Class.csv,6,,FALSE,FALSE,TRUE,Pos,[M+H]+,Sphingomyelin
So_H.csv,4;5,,TRUE,TRUE,FALSE,Pos,[M+H]+,Sphingosine
Sulf_H.csv,3;10,,TRUE,TRUE,FALSE,Pos,[M+H]+,Sulfatide
Cer_H.csv,3;6,,FALSE,FALSE,FALSE,Pos,[M+H]+,Ceramide
Cer_NDS_H.csv,6,5;8,TRUE,TRUE,FALSE,Pos,[M+H]+,Backbone: Dihydrosphingosine Fatty acid: non-hydroxy fatty acid
Cer_NS_H.csv,6,5;8,TRUE,TRUE,FALSE,Pos,[M+H]+,"Ceramide (Nonhydroxyacyl sphingosine) (duplicate, MS-DIAL version)"
GlcCer_NDS_H.csv,7,6;9,TRUE,TRUE,FALSE,Pos,[M+H]+,glucosyl-ceramide Backbone: Dihydrosphingosine Fatty acid: non-hydroxy fatty acid
GlcCer_NS_H.csv,7,6;9,TRUE,TRUE,FALSE,Pos,[M+H]+,Glucosyl-Nonhydroxyacyl sphingosine
DGTS_H_Class.csv,2;3,,TRUE,FALSE,TRUE,Pos,[M+H]+,Diacylglyceryltrimethylhomo-Ser
SHexCer_H.csv,4;10,,FALSE,FALSE,FALSE,Pos,[M+H]+,Sulfatide
DGDG_neg_HCO2.csv,3;4,,TRUE,FALSE,FALSE,Neg,[M+HCO2]-,Digalactosyldiacylglycerol
LPC_neg_HCO2.csv,3;9,,TRUE,FALSE,FALSE,Neg,[M+HCO2]-,Lysophosphatidylcholine
MGDG_neg_HCO2.csv,3;4,,TRUE,FALSE,FALSE,Neg,[M+HCO2]-,Monogalactosyldiacylglycerol
OxLPC_neg_CHO2.csv,3;9,,TRUE,FALSE,FALSE,Neg,[M+HCO2]-,Oxidized lysophosphatidylcholine
OxPC_neg_CHO2.csv,10;11,,TRUE,FALSE,FALSE,Neg,[M+HCO2]-,Oxidized phosphatidylcholine
PC_neg_CHO2.csv,10;11,,TRUE,FALSE,FALSE,Neg,[M+HCO2]-,Phosphatidylcholine
PlasmanylLPC_neg_CHO2.csv,3,,TRUE,FALSE,FALSE,Neg,[M+HCO2]-,Plasmanyl lysophosphatidylcholine
PlasmanylPC_neg_CHO2.csv,3;9,,TRUE,FALSE,FALSE,Neg,[M+HCO2]-,Plasmanyl phosphatidylcholine
PlasmenylLPC_neg_CHO2.csv,3,,TRUE,FALSE,FALSE,Neg,[M+HCO2]-,Plasmenyl lysophosphatidylcholine
PlasmenylPC_neg_CHO2.csv,3;9,,TRUE,FALSE,FALSE,Neg,[M+HCO2]-,Plasmenyl phosphatidylcholine
SM_neg_HCO2.csv,3;4;5,,TRUE,FALSE,FALSE,Neg,[M+HCO2]-,Sphingomyelin
SM_neg_HCO2_Class.csv,3;4,,TRUE,FALSE,FALSE,Neg,[M+HCO2]-,Sphingomyelin
ether_OxPC_neg_HCO2_MSDIAL.csv,2;5,,TRUE,FALSE,FALSE,Neg,[M+HCO2]-,ether-oxidized phosphatidylcholine
OxPC_neg_HCO2_MSDIAL.csv,3;7,4;5;6,TRUE,FALSE,FALSE,Neg,[M+HCO2]-,oxidized phosphatidylcholine
Cer_neg_HCO2.csv,3;5,,FALSE,FALSE,FALSE,Neg,[M+HCO2]-,Ceramide
Cer_ADS_neg_HCO2.csv,3;14,,TRUE,FALSE,FALSE,Neg,[M+HCO2]-,Backbone: Dihydrosphingosine Fatty acid: a-hydroxy fatty acid
Cer_AP_neg_HCO2.csv,3;5,,TRUE,FALSE,FALSE,Neg,[M+HCO2]-,Backbone: Phytosphingosine Fatty acid: a-hydroxy fatty acid
Cer_AS_neg_HCO2.csv,3,7;15,TRUE,FALSE,FALSE,Neg,[M+HCO2]-,Backbone: Sphingosine Fatty acid: a-hydroxy fatty acid
Cer_BDS_neg_HCO2.csv,3;4,,TRUE,FALSE,FALSE,Neg,[M+HCO2]-,Ceramide beta-hydroxy fatty acid-dihydrosphingosine
Cer_BS_neg_HCO2.csv,3;5,,TRUE,FALSE,FALSE,Neg,[M+HCO2]-,Ceramide beta-hydroxy fatty acid-sphingosine
Cer_EODS_neg_HCO2.csv,3;6,5;7;8,TRUE,FALSE,FALSE,Neg,[M+HCO2]-,Backbone: Dihydrosphingosine Fatty acid: esterified w-hydroxy fatty acid
Cer_EOS_neg_HCO2.csv,3;6,5;7;8,TRUE,FALSE,FALSE,Neg,[M+HCO2]-,Backbone: Sphingosine Fatty acid: esterified w-hydroxy fatty acid
Cer_NDS_neg_HCO2.csv,3;8,,TRUE,FALSE,FALSE,Neg,[M+HCO2]-,Backbone: Dihydrosphingosine Fatty acid: non-hydroxy fatty acid
Cer_NP_neg_HCO2.csv,3;6;7,,TRUE,FALSE,FALSE,Neg,[M+HCO2]-,Backbone: Phytosphingosine Fatty acid: Fatty acid: non-hydroxy fatty acid
Cer_NS_neg_HCO2.csv,3;8,,TRUE,FALSE,FALSE,Neg,[M+HCO2]-,"Ceramide (Nonhydroxyacyl sphingosine) (duplicate, MS-DIAL version)"
GlcCer_AP_neg_HCO2.csv,3;5,,TRUE,FALSE,FALSE,Neg,[M+HCO2]-,glucosyl-ceramide Backbone: Phytosphingosine Fatty acid: a-hydroxy fatty acid
GlcCer_NDS_neg_HCO2.csv,3;4;6,,TRUE,FALSE,FALSE,Neg,[M+HCO2]-,glucosyl-ceramide Backbone: Dihydrosphingosine Fatty acid: non-hydroxy fatty acid
GlcCer_NS_neg_HCO2.csv,3;4,5;6;7,TRUE,FALSE,FALSE,Neg,[M+HCO2]-,Glucosyl-Nonhydroxyacyl sphingosine
DGDG_neg_HCO2_Class.csv,5,,TRUE,FALSE,FALSE,Neg,[M+HCO2]-,Digalactosyldiacylglycerol
LPC_Na.csv,4,,TRUE,TRUE,FALSE,Pos,[M+Na]+,Lysophosphatidylcholine
LPE_Na.csv,3,,TRUE,TRUE,FALSE,Pos,[M+Na]+,Lysophosphatidylethanolamine
MGDG_Na.csv,3;4,,TRUE,FALSE,FALSE,Pos,[M+Na]+,Monogalactosyldiacylglycerol
OxLPC_Na.csv,7,,TRUE,TRUE,FALSE,Pos,[M+Na]+,Oxidized lysophosphatidylcholine
OxLPE_Na.csv,3,,TRUE,TRUE,FALSE,Pos,[M+Na]+,Oxidized lysophosphatidylethanolamine
OxPC_Na.csv,2,9;10,FALSE,FALSE,FALSE,Pos,[M+Na]+,Oxidized phosphatidylcholine
OxPE_Na.csv,3,5;6,FALSE,FALSE,FALSE,Pos,[M+Na]+,Oxidized phosphatidylethanolamine
PC_Na.csv,2;3;4;5;10,6;7,TRUE,TRUE,FALSE,Pos,[M+Na]+,Phosphatidylcholine
PE_Na.csv,4,5;6,TRUE,TRUE,FALSE,Pos,[M+Na]+,Phosphatidylethanolamine
PS_Na.csv,9,7;8,TRUE,TRUE,FALSE,Pos,[M+Na]+,Phosphatidylserine
PS_Na_Class.csv,3,,TRUE,FALSE,TRUE,Pos,[M+Na]+,Phosphatidylserine
TG_Na.csv,2;3;4;5,,TRUE,TRUE,FALSE,Pos,[M+Na]+,triacylglyceride or triacylglycerol: Will add significant time to analysis with minimal new information
CE_NH4.csv,3;9,,TRUE,TRUE,FALSE,Pos,[M+NH4]+,Cholesterol Ester
CL_NH4.csv,3;4,,TRUE,TRUE,FALSE,Pos,[M+NH4]+,Cardiolipin
CoQ_NH4.csv,3,,TRUE,TRUE,FALSE,Pos,[M+NH4]+,Coenzyme Q
DG_NH4.csv,3;4,,TRUE,TRUE,FALSE,Pos,[M+NH4]+,Diacylglyceride or Diacylglycerol
DGDG_NH4.csv,3,5;6,TRUE,FALSE,FALSE,Pos,[M+NH4]+,Digalactosyldiacylglycerol
DGDG_NH4_Class.csv,3,,TRUE,FALSE,TRUE,Pos,[M+NH4]+,Digalactosyldiacylglycerol
GlcADG_NH4.csv,5;6,,FALSE,FALSE,FALSE,Pos,[M+NH4]+,Glucuronosyldiacylglycerol 
lanosteryl_NH4.csv,4,,TRUE,TRUE,FALSE,Pos,[M+NH4]+,lanosteryl
MG_NH4.csv,3,,TRUE,TRUE,FALSE,Pos,[M+NH4]+,Monoacylglycerol
MGDG_NH4.csv,3,5;6,TRUE,FALSE,FALSE,Pos,[M+NH4]+,Monogalactosyldiacylglycerol
MGDG_NH4_Class.csv,3,,TRUE,FALSE,TRUE,Pos,[M+NH4]+,Monogalactosyldiacylglycerol
OxCL_NH4.csv,3;4,,TRUE,TRUE,FALSE,Pos,[M+NH4]+,Beta: Oxidized Cardiolipin; add FA(OOH)-H2O fragmentation?
OxTG_NH4.csv,3;4;5,,FALSE,FALSE,FALSE,Pos,[M+NH4]+,Oxidized triacylglycerol: Only most common chains included
OxTG_reduced_NH4.csv,3;4;5,,TRUE,TRUE,FALSE,Pos,[M+NH4]+,Oxidized triacylglycerol: Reduced to only NL of RCOOH to speed up LipidMatch. Only most common chains included
PG_NH4.csv,4,9;10,TRUE,TRUE,FALSE,Pos,[M+NH4]+,Phosphatidylglycerol
PG_NH4_Class.csv,4,,TRUE,FALSE,TRUE,Pos,[M+NH4]+,Phosphatidylglycerol
PI_NH4_Class.csv,3,,TRUE,FALSE,TRUE,Pos,[M+NH4]+,Phosphatidylinositol
PlasmanylTG_NH4.csv,3;4,,FALSE,FALSE,FALSE,Pos,[M+NH4]+,Plasmanyl triacylglycerol
PlasmanylTG_reduced_NH4.csv,3;4,,TRUE,TRUE,FALSE,Pos,[M+NH4]+,Plasmanyl triacylglycerol: Reduced to only NL of RCOOH to speed up LipidMatch
PlasmenylTG_NH4.csv,3;4,,FALSE,FALSE,FALSE,Pos,[M+NH4]+,Plasmenyl triacylglycerol
PlasmenylTG_red_NH4.csv,3;4,,TRUE,TRUE,FALSE,Pos,[M+NH4]+,Plasmenyl triacylglycerol: Reduced to only NL of RCOOH to speed up LipidMatch
TG_NH4.csv,3;4;5,,FALSE,FALSE,FALSE,Pos,[M+NH4]+,triacylglyceride or triacylglycerol
TG_reduced_NH4.csv,3;4;5,,TRUE,TRUE,FALSE,Pos,[M+NH4]+,triacylglyceride or triacylglycerol: Reduced fragment search to only NL of RCOOH to speed up LipidMatch
zymosteryl_NH4.csv,4,,TRUE,TRUE,FALSE,Pos,[M+NH4]+,zymosteryl
AcylGlcADG_NH4.csv,4;7,5;6,TRUE,TRUE,FALSE,Pos,[M+NH4]+,Acylglucuronosyldiacylglycerol
BMP_NH4.csv,4;5,,TRUE,TRUE,FALSE,Pos,[M+NH4]+,Bismonoacylglycerophosphate
HBMP_NH4.csv,3,4;6,TRUE,TRUE,FALSE,Pos,[M+NH4]+,Hemibismonoacylglycerophosphate
SQDG_NH4.csv,7;8,,TRUE,TRUE,FALSE,Pos,[M+NH4]+,Sulfoquinovosyl diacylglycerol�
Cholesterol_NH4.csv,3,,TRUE,TRUE,FALSE,Pos,[M+NH4]+,Cholesterol
GM3_NH4.csv,4;10,12;13,TRUE,TRUE,FALSE,Pos,[M+NH4]+,Ganglioside GM3
PEtOH_NH4.csv,3,8;9,TRUE,TRUE,FALSE,Pos,[M+NH4]+,Phosphatidylethanol
PMeOH_NH4.csv,3,8;9,TRUE,TRUE,FALSE,Pos,[M+NH4]+,Phosphatidylmethanol
GM3_NH4_Class.csv,4;10,,TRUE,TRUE,TRUE,Pos,[M+NH4]+,Ganglioside GM3
PEtOH_NH4_Class.csv,3,,TRUE,TRUE,TRUE,Pos,[M+NH4]+,Phosphatidylethanol
PMeOH_NH4_Class.csv,3,,TRUE,TRUE,TRUE,Pos,[M+NH4]+,Phosphatidylmethanol
MGDG_NH4minCO.csv,2,7;8,TRUE,FALSE,FALSE,Pos,[M+NH4-CO]+,Monogalactosyldiacylglycerol
CL_neg_min2H.csv,11;12;13;14,,TRUE,TRUE,FALSE,Neg,[M-2H]-,Cardiolipin
OxCL_neg_min2H.csv,11;12;13;14,,TRUE,TRUE,FALSE,Neg,[M-2H]-,"Oxidized Cardiolipin; FA(OOH)-H2O fragmentation, and FA(OOH)2-2H2O fragmentation, are the fragments when looking at single acyl chains. 13;14;15;16 may also be good fragments for confirmation. Note that ketones, epoxy, and (OH)(OOH) and other oxidized combinations are not contained in the library"
Ac2PIM1_neg_minH.csv,2,3;4,TRUE,FALSE,FALSE,Neg,[M-H]-,Diacylated phosphatidylinositol monomannoside
Ac2PIM2_neg_minH.csv,2,3;4,TRUE,FALSE,FALSE,Neg,[M-H]-,Diacylated phosphatidylinositol dimannoside
Ac3PIM2_neg_minH.csv,3;4;5,,TRUE,FALSE,FALSE,Neg,[M-H]-,Triacylated phosphatidylinositol dimannoside
Ac4PIM2_neg_minH.csv,3;4;5;6,,TRUE,FALSE,FALSE,Neg,[M-H]-,Tetraacylated phosphatidylinositol dimannoside
BA_Glycine_neg_minH.csv,2,4;5,TRUE,TRUE,FALSE,Neg,[M-H]-,Bial Acid Glycine Conjugate
BA_neg_minH.csv,2;4,,TRUE,TRUE,FALSE,Neg,[M-H]-,Beta: Bial Acid
BA_Taurine_neg_minH.csv,,4;5,TRUE,TRUE,FALSE,Neg,[M-H]-,Bial Acid Taurine Conjugate
CerP_neg_minH.csv,3,,TRUE,FALSE,FALSE,Neg,[M-H]-,Ceramide-1-phosphate
CL_neg_minH.csv,9;10;11;12,,TRUE,TRUE,FALSE,Neg,[M-H]-,Cardiolipin: 13;14;15;16 may also be good fragments for confirmation
DMPE_neg_minH.csv,3;4,,TRUE,FALSE,FALSE,Neg,[M-H]-,Dimethyl Phosphatidylethanolamine
Ganglioside_neg_minH_Class.csv,2;6,,TRUE,TRUE,TRUE,Neg,[M-H]-,Ganglioside or glycan ceramides
GlcADG_neg_minH.csv,9;10,,FALSE,FALSE,FALSE,Neg,[M-H]-,Glucuronosyldiacylglycerol 
LipidA_PP_2_neg_minH.csv,5;6,,TRUE,TRUE,FALSE,Neg,[M-H]-,Diphosphorylated hexaacyl Lipid A
LipidA_PP_neg_minH.csv,2;5;6,7;8,TRUE,TRUE,FALSE,Neg,[M-H]-,Diphosphorylated hexaacyl Lipid A
LPE_neg_minH.csv,5,,TRUE,TRUE,FALSE,Neg,[M-H]-,Lysophosphatidylethanolamine
LPI_neg_minH.csv,2;5,,TRUE,TRUE,FALSE,Neg,[M-H]-,Lysophosphatidylinositol
MMPE_neg_minH.csv,3;4,,TRUE,FALSE,FALSE,Neg,[M-H]-,Monomethyl-Phosphatidylethanolamine
OxCL_neg_minH.csv,9;10;11;12,,TRUE,TRUE,FALSE,Neg,[M-H]-,"Oxidized Cardiolipin; FA(OOH)-H2O fragmentation, and FA(OOH)2-2H2O fragmentation, are the fragments when looking at single acyl chains. 13;14;15;16 may also be good fragments for confirmation. Note that ketones, epoxy, and (OH)(OOH) and other oxidized combinations are not contained in the library"
OxLPE_neg_minH.csv,2;5,,TRUE,TRUE,FALSE,Neg,[M-H]-,Oxidized lysophosphatidylethanolamine
OxPE_neg_minH.csv,2;7;8,,TRUE,TRUE,FALSE,Neg,[M-H]-,Oxidized phosphatidylethanolamine
PA_neg_minH.csv,8;9,,TRUE,TRUE,FALSE,Neg,[M-H]-,Phosphatidic acid
PE_neg_minH.csv,7;8,,TRUE,TRUE,FALSE,Neg,[M-H]-,Phosphatidylethanolamine
PG_neg_minH.csv,12;13,,TRUE,TRUE,FALSE,Neg,[M-H]-,Phosphatidylglycerol
PI_neg_minH.csv,2;17,12;13,TRUE,TRUE,FALSE,Neg,[M-H]-,Phosphatidylinositol
PlasmanylLPE_neg_minH.csv,2;6,,TRUE,TRUE,FALSE,Neg,[M-H]-,Plasmanyl lysophosphatidylethanolamine
PlasmanylPE_neg_minH.csv,2;5,,TRUE,TRUE,FALSE,Neg,[M-H]-,Plasmanyl phosphatidylethanolamine
PlasmanylPS_neg_minH.csv,6;7,,TRUE,TRUE,FALSE,Neg,[M-H]-,Plasmanyl phosphatidylserine
PlasmenylLPE_neg_minH.csv,2;4,,TRUE,TRUE,FALSE,Neg,[M-H]-,Plasmenyl lysophosphatidylethanolamine
PlasmenylPE_neg_minH.csv,3;5,,TRUE,TRUE,FALSE,Neg,[M-H]-,Plasmenyl phosphatidylethanolamine
PlasmenylPS_neg_minH.csv,6,,TRUE,FALSE,FALSE,Neg,[M-H]-,Plasmenyl phosphatidylserine
PS_neg_minH.csv,9;10,,TRUE,TRUE,FALSE,Neg,[M-H]-,Phosphatidylserine
PS_neg_minH_Class.csv,3,,TRUE,FALSE,TRUE,Neg,[M-H]-,Phosphatidylserine
SQDG_neg_minH.csv,2;5,3;4,TRUE,TRUE,FALSE,Neg,[M-H]-,Sulfoquinovosyldiacylglycerol
Sulf_neg_minH.csv,2;7,4;5,TRUE,TRUE,FALSE,Neg,[M-H]-,Sulfatide
Sulf_neg_minH_Class.csv,4,,TRUE,FALSE,TRUE,Neg,[M-H]-,Sulfatide
AcylGlcADG_neg_minH.csv,2;3;4;5,,TRUE,TRUE,FALSE,Neg,[M-H]-,Acylglucuronosyldiacylglycerol
ether_OxPE_neg_minH_MSDIAL.csv,2;4,,TRUE,TRUE,FALSE,Neg,[M-H]-,ether-oxidized phosphatidylethanolamine
FAHFA_neg_minH.csv,3;5,,TRUE,TRUE,FALSE,Neg,[M-H]-,Fatty acid ester of hydroxyl fatty acid
HBMP_neg_minH.csv,2;5;6;7,,TRUE,TRUE,FALSE,Neg,[M-H]-,Hemibismonoacylglycerophosphate
LPA_neg_minH.csv,3,,TRUE,TRUE,FALSE,Neg,[M-H]-,lyso-phosphatidic acid
LPS_neg_minH.csv,4,3;5,TRUE,TRUE,FALSE,Neg,[M-H]-,lyso-phosphatidylserine
OxPE_neg_minH_MSDIAL.csv,6,3;4;5,TRUE,TRUE,FALSE,Neg,[M-H]-,oxidized phosphatidylethanolamine
OxPG_neg_minH_MSDIAL.csv,6,3;4;5,TRUE,TRUE,FALSE,Neg,[M-H]-,oxidized phosphatidylglycerol
OxPI_neg_minH_MSDIAL.csv,2;3;7,,TRUE,TRUE,FALSE,Neg,[M-H]-,oxidized phosphatidylinositol
OxPS_neg_minH_MSDIAL.csv,3;7,,TRUE,TRUE,FALSE,Neg,[M-H]-,oxidized phosphatidylserine
Cer_ADS_neg_minH.csv,2;13,,TRUE,TRUE,FALSE,Neg,[M-H]-,Backbone: Dihydrosphingosine Fatty acid: a-hydroxy fatty acid
Cer_AP_neg_minH.csv,2;4,,TRUE,TRUE,FALSE,Neg,[M-H]-,Backbone: Phytosphingosine Fatty acid: a-hydroxy fatty acid
Cer_AS_neg_minH.csv,2,6;14,TRUE,TRUE,FALSE,Neg,[M-H]-,Backbone: Sphingosine Fatty acid: a-hydroxy fatty acid
Cer_BDS_neg_minH.csv,2;3,,TRUE,TRUE,FALSE,Neg,[M-H]-,Ceramide beta-hydroxy fatty acid-dihydrosphingosine
Cer_BS_neg_minH.csv,2;4,,TRUE,TRUE,FALSE,Neg,[M-H]-,Ceramide beta-hydroxy fatty acid-sphingosine
Cer_EODS_neg_minH.csv,2;5,4;6;7,TRUE,TRUE,FALSE,Neg,[M-H]-,Backbone: Dihydrosphingosine Fatty acid: esterified w-hydroxy fatty acid
Cer_EOS_neg_minH.csv,3;6,5;7;8,TRUE,TRUE,FALSE,Neg,[M-H]-,Backbone: Sphingosine Fatty acid: esterified w-hydroxy fatty acid
Cer_NDS_neg_minH.csv,2;7,,TRUE,TRUE,FALSE,Neg,[M-H]-,Backbone: Dihydrosphingosine Fatty acid: non-hydroxy fatty acid
Cer_NP_neg_minH.csv,2;5;6,,TRUE,TRUE,FALSE,Neg,[M-H]-,Backbone: Phytosphingosine Fatty acid: Fatty acid: non-hydroxy fatty acid
Cer_NS_neg_minH.csv,2;7,,TRUE,TRUE,FALSE,Neg,[M-H]-,"Ceramide (Nonhydroxyacyl sphingosine) (duplicate, MS-DIAL version)"
GlcCer_AP_neg_minH.csv,2;4,,TRUE,TRUE,FALSE,Neg,[M-H]-,glucosyl-ceramide Backbone: Phytosphingosine Fatty acid: a-hydroxy fatty acid
GlcCer_NDS_neg_minH.csv,2;3;5,,TRUE,TRUE,FALSE,Neg,[M-H]-,glucosyl-ceramide Backbone: Dihydrosphingosine Fatty acid: non-hydroxy fatty acid
GlcCer_NS_neg_minH.csv,2;3,4;5;6,TRUE,TRUE,FALSE,Neg,[M-H]-,Glucosyl-Nonhydroxyacyl sphingosine
SQDG_neg_minH_Class.csv,2;3,,TRUE,TRUE,TRUE,Neg,[M-H]-,Sulfoquinovosyldiacylglycerol
GM3_neg_minH_Class.csv,2;4,,TRUE,TRUE,TRUE,Pos,[M-H]-,Ganglioside GM3
SHexCer_neg_minH_Class.csv,2;3,,FALSE,FALSE,TRUE,Pos,[M-H]-,Sulfatide
PMeOH_neg_minH.csv,5;6,,TRUE,TRUE,FALSE,Pos,[M-H]-,Phosphatidylmethanol
PEtOH_neg_minH.csv,5;6,,TRUE,TRUE,FALSE,Pos,[M-H]-,Phosphatidylethanol
